{"human_eval": {"means": {"pass_at_k_mean": 0.9085365853658537, "total_exec_time_mean": 0.002570629119873047, "total_run_time_mean": 3770.502231359482}, "stderrs": {"pass_at_k_stderr": 0.0, "total_exec_time_stderr": 0.0, "total_run_time_stderr": 0.0}, "final_info_dict": {"pass_at_k": [0.9085365853658537], "total_exec_time": [0.002570629119873047], "total_run_time": [3770.502231359482]}}}