{"human_eval": {"means": {"pass_at_k_mean": 0.8902439024390244, "total_exec_time_mean": 0.002897024154663086, "total_run_time_mean": 458.89002656936646}, "stderrs": {"pass_at_k_stderr": 0.0, "total_exec_time_stderr": 0.0, "total_run_time_stderr": 0.0}, "final_info_dict": {"pass_at_k": [0.8902439024390244], "total_exec_time": [0.002897024154663086], "total_run_time": [458.89002656936646]}}}