{"human_eval": {"means": {"pass_at_k_mean": 0.9207317073170732, "total_exec_time_mean": 0.0029709339141845703, "total_run_time_mean": 3758.660099506378}, "stderrs": {"pass_at_k_stderr": 0.0, "total_exec_time_stderr": 0.0, "total_run_time_stderr": 0.0}, "final_info_dict": {"pass_at_k": [0.9207317073170732], "total_exec_time": [0.0029709339141845703], "total_run_time": [3758.660099506378]}}}