{"ml_regression": {"means": {"mse_mean": 982.1256202877103, "total_run_time_mean": 21.403692722320557}, "stderrs": {"mse_stderr": 206.9853342363991, "total_run_time_stderr": 0.5894263175473423}, "final_info_dict": {"mse": [451.6888364446204, 3049.9121242138835, 435.88395892847586, 552.6560880035091, 420.4870938480629], "total_run_time": [19.895578861236572, 18.380582094192505, 19.239042043685913, 23.184589624404907, 26.318670988082886]}}}