{"human_eval": {"means": {"pass_at_k_mean": 0.9085365853658537, "total_exec_time_mean": 0.0024878978729248047, "total_run_time_mean": 396.815869808197}, "stderrs": {"pass_at_k_stderr": 0.0, "total_exec_time_stderr": 0.0, "total_run_time_stderr": 0.0}, "final_info_dict": {"pass_at_k": [0.9085365853658537], "total_exec_time": [0.0024878978729248047], "total_run_time": [396.815869808197]}}, "ml_regression": {"means": {"mse_mean": 1257.0003211541548, "total_run_time_mean": 22.438850831985473}, "stderrs": {"mse_stderr": 212.73181741148113, "total_run_time_stderr": 0.7370331153550966}, "final_info_dict": {"mse": [701.5070178247557, 1638.7133712971074, 3175.021711557335, 348.95637379312154, 420.803131298455], "total_run_time": [18.61256718635559, 28.64574384689331, 23.338777542114258, 22.86563777923584, 18.73152780532837]}}}